,00016,2025/03/24 09:42:00,A1C,5.7,,0016p_A1C_5.7.res
,00069,2025/12/10 12:34:58,A1C,5.0,,0069p_A1C_5.0.res
19990510,00074,2025/12/31 09:47:29,A1C,5.5,,0074p_A1C_5.5.res
,00045,2025/06/04 16:01:56,A1C,5.3,,0045p_A1C_5.3.res
,00043,2025/06/04 15:47:40,A1C,5.5,,0043p_A1C_5.5.res
,00044,2025/06/04 15:55:37,A1C,5.7,,0044p_A1C_5.7.res
,00046,2025/06/08 06:39:44,A1C,5.1,,0046p_A1C_5.1.res
,00047,2025/06/08 06:46:17,A1C,5.1,,0047p_A1C_5.1.res
,00001,2024/08/21 05:40:17,A1C,5.3,,0001p_A1C_5.3.res
,00002,2024/08/21 09:36:42,A1C,5.8,,0002p_A1C_5.8.res
,00003,2024/08/21 10:06:45,A1C,5.5,,0003p_A1C_5.5.res
,00004,2024/08/21 10:20:24,A1C,5.3,,0004p_A1C_5.3.res
,00005,2024/08/21 10:28:35,A1C,5.6,,0005p_A1C_5.6.res
,00006,2024/08/22 08:02:15,A1C,5.3,,0006p_A1C_5.3.res
,00007,2024/08/22 08:17:21,A1C,5.3,,0007p_A1C_5.3.res
,00009,2024/08/22 08:28:40,A1C,5.6,,0009p_A1C_5.6.res
,00010,2024/09/24 13:45:44,A1C,5.6,,0010p_A1C_5.6.res
,00011,2024/10/29 10:56:58,A1C,5.8,,0011p_A1C_5.8.res
,00012,2024/10/29 13:41:42,A1C,6.3,,0012p_A1C_6.3.res
,00013,2024/11/05 10:00:58,A1C,7.7,,0013p_A1C_7.7.res
,00014,2024/11/05 13:56:15,A1C,6.2,,0014p_A1C_6.2.res
,00017,2025/03/25 10:38:27,A1C,5.6,,0017p_A1C_5.6.res
,00020,2025/03/28 09:04:48,A1C,5.6,,0020p_A1C_5.6.res
,00021,2025/03/28 10:31:52,A1C,5.2,,0021p_A1C_5.2.res
,00022,2025/03/29 08:38:31,A1C,6.1,,0022p_A1C_6.1.res
,00023,2025/03/31 10:41:08,A1C,5.0,,0023p_A1C_5.0.res
,00024,2025/04/01 11:28:29,A1C,7.1,,0024p_A1C_7.1.res
,00025,2025/04/01 15:34:21,A1C,9.0,,0025p_A1C_9.0.res
,00026,2025/04/16 14:34:31,A1C,5.4,,0026p_A1C_5.4.res
,00029,2025/05/23 09:48:31,A1C,6.0,,0029p_A1C_6.0.res
,00030,2025/05/23 09:53:43,A1C,5.2,,0030p_A1C_5.2.res
,00031,2025/05/23 09:58:15,A1C,6.3,,0031p_A1C_6.3.res
,00032,2025/05/23 10:02:44,A1C,5.7,,0032p_A1C_5.7.res
,00033,2025/05/23 10:07:44,A1C,5.6,,0033p_A1C_5.6.res
,00034,2025/05/23 10:12:22,A1C,6.8,,0034p_A1C_6.8.res
,00035,2025/05/23 10:25:17,A1C,6.0,,0035p_A1C_6.0.res
,00036,2025/05/23 10:44:18,A1C,6.4,,0036p_A1C_6.4.res
,00037,2025/05/23 10:48:39,A1C,8.3,,0037p_A1C_8.3.res
,00038,2025/05/23 10:53:02,A1C,6.0,,0038p_A1C_6.0.res
,00039,2025/05/23 10:57:20,A1C,7.2,,0039p_A1C_7.2.res
,00040,2025/05/23 11:01:47,A1C,8.1,,0040p_A1C_8.1.res
,00041,2025/05/23 11:08:24,A1C,5.8,,0041p_A1C_5.8.res
,00042,2025/06/04 15:39:45,A1C,6.3,,0042p_A1C_6.3.res
,00048,2025/06/08 06:52:15,A1C,5.0,,0048p_A1C_5.0.res
,00049,2025/06/08 06:58:29,A1C,5.4,,0049p_A1C_5.4.res
,00050,2025/06/08 07:03:50,A1C,5.7,,0050p_A1C_5.7.res
,00051,2025/06/08 07:09:50,A1C,5.9,,0051p_A1C_5.9.res
,00052,2025/06/08 07:15:48,A1C,6.0,,0052p_A1C_6.0.res
,00053,2025/06/08 07:21:18,A1C,5.9,,0053p_A1C_5.9.res
,00054,2025/06/08 07:41:02,A1C,5.6,,0054p_A1C_5.6.res
,00055,2025/06/08 07:47:35,A1C,6.2,,0055p_A1C_6.2.res
,00056,2025/06/08 08:28:14,A1C,6.1,,0056p_A1C_6.1.res
,00057,2025/06/08 08:39:29,A1C,6.1,,0057p_A1C_6.1.res
,00058,2025/06/08 08:44:44,A1C,5.8,,0058p_A1C_5.8.res
,00059,2025/06/08 09:03:42,A1C,5.9,,0059p_A1C_5.9.res
,00060,2025/06/08 09:49:27,A1C,6.3,,0060p_A1C_6.3.res
,00061,2025/07/31 15:03:01,A1C,5.2,,0061p_A1C_5.2.res
,00062,2025/07/31 15:08:25,A1C,6.2,,0062p_A1C_6.2.res
,00063,2025/11/24 11:13:32,A1C,5.3,,0063p_A1C_5.3.res
,00064,2025/12/02 16:31:58,A1C,5.5,,0064p_A1C_5.5.res
,00066,2025/12/02 16:46:25,A1C,6.2,,0066p_A1C_6.2.res
,00067,2025/12/02 16:55:38,A1C,5.7,,0067p_A1C_5.7.res
020892992000000285024703,00068,2025/12/10 12:27:17,A1C,5.2,,0068p_A1C_5.2.res
,00070,2025/12/10 13:03:46,A1C,6.0,,0070p_A1C_6.0.res
,00071,2025/12/15 21:41:32,A1C,4.8,,0071p_A1C_4.8.res
19900424,00075,2026/01/02 16:50:26,A1C,6.4,,0075p_A1C_6.4.res
1117642,00076,2026/01/15 10:15:17,A1C,5.8,,0076p_A1C_5.8.res
0050,00077,2026/01/15 10:41:36,A1C,5.8,,0077p_A1C_5.8.res
